year,month,all_mean_size,all_std_size,reddit_mean_size,reddit_mean_std,prog_mean_size,prog_mean_std,science_mean_size,science_mean_std,rp_r_mean,rp_r_std,rp_p_mean,rp_r_std,rs_r_mean,rp_r_std,rs_s_mean,rs_s_std,ps_p_mean,ps_p_std,ps_s_mean,ps_s_std,rps_r_mean,rps_r_std,rps_p_mean,rps_p_std,rps_s_mean,rps_s_std
2005,12,1.921970514203524,2.330441925668702,1.921970514203524,2.330441925668702,,,,,,,,,,,,,,,,,,,,,,
2006,1,2.281287246722288,6.3298415938016035,2.281287246722288,6.3298415938016035,,,,,,,,,,,,,,,,,,,,,,
2006,2,3.0016722408026757,8.014595438804722,3.0304853855310143,8.070857691834112,1.0,,,,,,,,,,,,,,,,,,,,,
2006,3,2.5640564416196985,4.20252790448652,2.6093503764664683,4.292208625631168,2.067866323907455,2.882029038940875,,,5.578692493946731,,2.026634382566586,,,,,,,,,,,,,,,
2006,4,3.7230155697774383,17.517512436769966,3.8643206724119588,18.44330565094607,2.526315789473684,3.6234683972435757,,,7.708672086720867,,3.5962059620596207,,,,,,,,,,,,,,,
2006,5,3.956749232547445,11.096664445282709,4.124308303082215,11.566298384383236,2.1857842409853094,2.5413586385309443,,,7.613965744400527,,2.6956521739130435,,,,,,,,,,,,,,,
2006,6,3.4807947531858416,11.410927995163151,3.538999765849896,11.735249160765681,2.6688484352628348,4.583800230521915,,,7.279449699054171,,3.600171969045572,,,,,,,,,,,,,,,
2006,7,3.290998951624981,9.913154975462398,3.346866482123729,10.171858996127364,2.405196145905024,3.7476491358122965,,,5.30880420499343,,3.222076215505913,,,,,,,,,,,,,,,
2006,8,3.5970699228726444,14.205244834606091,3.633886497277184,14.611588316900276,3.0933789494868185,5.633638530913988,,,7.750197628458498,,4.5743083003952565,,,,,,,,,,,,,,,
2006,9,3.6011833841555765,11.968413734777323,3.4738798054636737,11.199619413637155,4.374072849246469,15.822682307465731,,,5.822071545475801,,6.689735796118775,,,,,,,,,,,,,,,
2006,10,3.1182356820270973,8.553463831964462,3.1071461719470848,8.436126237966217,3.457473881596571,10.34576693973995,1.7194244604316546,1.7302802737144882,5.674544873842223,37.155202004493816,4.377515170871926,37.155202004493816,12.190207156308851,37.155202004493816,2.005649717514124,2.1504642108981242,2.0,1.876166303929372,1.5,1.449137674618944,13.266666666666667,17.314183560911914,2.3333333333333335,2.3196879921559233,1.7333333333333334,1.8695555876298768
2006,11,3.3330579844461456,11.728123823870096,3.1952595003033477,7.7041143510972585,4.661899587046294,29.447301257303323,3.7097244732576984,14.06582674470048,5.7506029908345395,18.461417840218957,4.5,18.461417840218957,8.940677966101696,18.461417840218957,5.581355932203389,21.08673603197022,4.684210526315789,12.396247220051292,2.5157894736842104,3.051110155821548,8.916666666666666,8.986879041744219,5.537878787878788,14.6075403006136,2.696969696969697,3.3107260197274964
2006,12,3.0382238164689186,7.966414632759443,2.999315328665688,8.020437895117757,3.520855904658722,8.3368177067012,1.977916194790487,2.8382352023089203,5.470275590551181,17.533042287773696,4.4921259842519685,17.533042287773696,7.509674922600619,17.533042287773696,2.207043343653251,2.678706257316587,6.607438016528926,22.65158313022007,2.355371900826446,2.2878336130931514,10.744186046511627,13.864579841719202,6.982558139534884,25.249740624505176,2.5813953488372094,2.529198455092324
2007,1,3.527915409922058,15.810355322836024,3.619540630445113,16.575070034185952,2.7571147827352793,5.373683832267789,2.5233003300330035,4.333283800279119,7.481338912133891,32.79958110261563,3.5364016736401673,32.79958110261563,12.384511329049712,32.79958110261563,3.2110246871829555,5.467220580692024,4.225,6.60285534786049,3.05,4.906404319588871,21.342105263157894,48.04301220780648,4.742105263157895,7.281331917047563,3.305263157894737,5.339428430284233
2007,2,3.5822626571289673,9.802046881189398,3.6371350472972246,10.016837585034828,3.2438400501148466,8.218956917153802,2.609083644112946,5.472306491503229,7.512669126691267,29.812541505281953,3.6415744157441576,29.812541505281953,10.990915697674419,29.812541505281953,3.2619912790697674,7.397625649122982,2.5714285714285716,3.7659167049131304,2.6785714285714284,4.43050107591932,21.830601092896174,35.73065822999612,2.7650273224043715,4.184545201477149,3.0655737704918034,5.017120751040085
2007,3,3.567079109324068,10.11222117379531,3.657049203056066,10.380508050534953,3.2238511466897446,5.9864288615225085,2.4295100538091194,5.496798790633793,6.26873977086743,36.124755134454034,4.05924713584288,36.124755134454034,11.9581622987054,36.124755134454034,2.9139564256394066,8.021210889622118,3.6305418719211824,6.215942988701443,2.9392446633825946,6.747898314688086,14.763466042154567,32.492870654305264,3.6651053864168617,6.131790108131734,3.0257611241217797,7.632509636499325
