year,month,subreddit,nr_nodes,nr_edges,len_av_shortest_path,diameter,transitivity,av_clustering,edge_density,av_degree,total_triangles,nr_connected_components
2005,12,reddit.com,287,2774,2.9349918374308617,8,0.7720010045045752,0.732248120111719,0.06759094563972613,19.33101045296167,98373,1
2006,1,nsfw
2006,1,reddit.com,590,6657,2.6155448764064344,6,0.4696363094186252,0.7038883408256613,0.03831256654484763,22.566101694915254,170091,1
2006,2,de,4,3,1.5,2,0,0.0,0.5,1.5,0,1
2006,2,eo
2006,2,es
2006,2,features,46,221,2.2231884057971016,5,0.8300094966761633,0.6626230007508408,0.2135265700483092,9.608695652173912,2622,1
2006,2,fr,2,1,1.0,1,0,0.0,1.0,1.0,0,1
2006,2,hu
2006,2,ja,8,8,2.107142857142857,4,0.2,0.17916666666666667,0.2857142857142857,2.0,3,1
2006,2,nl
2006,2,no,9,19,1.5555555555555556,3,0.7777777777777778,0.6444444444444444,0.5277777777777778,4.222222222222222,63,1
2006,2,nsfw,4,6,1.0,1,1.0,1.0,1.0,3.0,12,1
2006,2,olympics,2,1,1.0,1,0,0.0,1.0,1.0,0,1
2006,2,programming,2,1,1.0,1,0,0.0,1.0,1.0,0,1
2006,2,reddit.com,1031,15098,2.557658226060098,7,0.2999227977184997,0.6820431396739199,0.028435019257389848,29.288069835111543,390432,1
2006,2,request,22,64,1.9826839826839826,4,0.7078651685393258,0.8609224109224111,0.27705627705627706,5.818181818181818,315,1
2006,2,ru
2006,2,tr,9,13,1.8611111111111112,3,0.5454545454545454,0.7333333333333333,0.3611111111111111,2.888888888888889,18,1
2006,2,vi,2,1,1.0,1,0,0.0,1.0,1.0,0,1
2006,2,zh
2006,3,de,2,1,1.0,1,0,0.0,1.0,1.0,0,1
2006,3,es
2006,3,features,37,82,2.2177177177177176,4,0.3153409090909091,0.6296233496233496,0.12312312312312312,4.4324324324324325,222,1
2006,3,fr
2006,3,it
2006,3,ja,2,1,1.0,1,0,0.0,1.0,1.0,0,1
2006,3,joel,15,19,1.9333333333333333,3,0.1956521739130435,0.47094017094017093,0.18095238095238095,2.533333333333333,18,1
2006,3,no,2,1,1.0,1,0,0.0,1.0,1.0,0,1
2006,3,nsfw,2,1,1.0,1,0,0.0,1.0,1.0,0,1
2006,3,pl,3,3,1.0,1,1.0,1.0,1.0,2.0,3,1
2006,3,programming,290,1938,2.8039613411287436,6,0.5269893426144102,0.7851844704783165,0.046247464503042596,13.36551724137931,24378,1
2006,3,reddit.com,1225,22794,2.4989008936908097,6,0.30967262418109004,0.6724262168707252,0.030404161664665866,37.21469387755102,789960,1
2006,3,request,10,20,1.6444444444444444,3,0.75,0.7,0.4444444444444444,4.0,63,1
2006,3,ru,6,15,1.0,1,1.0,1.0,1.0,5.0,60,1
2006,3,tr,2,1,1.0,1,0,0.0,1.0,1.0,0,1
2006,4,arxiv,6,15,1.0,1,1.0,1.0,1.0,5.0,60,1
2006,4,askcaterina,2,1,1.0,1,0,0.0,1.0,1.0,0,1
2006,4,ca,2,1,1.0,1,0,0.0,1.0,1.0,0,1
2006,4,de
2006,4,es,2,1,1.0,1,0,0.0,1.0,1.0,0,1
2006,4,features,23,35,2.9011857707509883,5,0.4251968503937008,0.4033126293995859,0.1383399209486166,3.0434782608695654,54,1
2006,4,fr
2006,4,freeculture,2,1,1.0,1,0,0.0,1.0,1.0,0,1
2006,4,it
2006,4,ja,2,1,1.0,1,0,0.0,1.0,1.0,0,1
2006,4,joel,34,56,3.092691622103387,7,0.35365853658536583,0.5405408317173023,0.09982174688057041,3.2941176470588234,87,1
2006,4,lipstick.com,7,16,1.2380952380952381,2,0.9230769230769231,0.8095238095238094,0.7619047619047619,4.571428571428571,60,1
2006,4,no
2006,4,nsfw
2006,4,pl,4,3,1.6666666666666667,3,0,0.0,0.5,1.5,0,1
2006,4,programming,337,4100,2.441059064575385,6,0.6326384022424667,0.7799938158628352,0.07241769111205312,24.33234421364985,108333,1
2006,4,reddit.com,1566,37547,2.4722828149290637,6,0.3082668994597444,0.6609787510878506,0.030640732172075125,47.95274584929757,1646964,1
2006,4,request,2,1,1.0,1,0,0.0,1.0,1.0,0,1
2006,4,ru
2006,4,tr
2006,4,zh,2,1,1.0,1,0,0.0,1.0,1.0,0,1
2006,5,arxiv,4,6,1.0,1,1.0,1.0,1.0,3.0,12,1
2006,5,de
2006,5,eo
2006,5,features,23,39,2.4466403162055337,5,0.3793103448275862,0.6626325365455801,0.1541501976284585,3.391304347826087,66,1
2006,5,fr,5,7,1.3,2,0.8,0.7,0.7,2.8,12,1
2006,5,freeculture,4,4,1.3333333333333333,2,0.6,0.5833333333333333,0.6666666666666666,2.0,3,1
2006,5,hy
2006,5,it
2006,5,ja
2006,5,joel,14,17,2.208791208791209,4,0.21818181818181817,0.36507936507936506,0.18681318681318682,2.4285714285714284,12,1
2006,5,lipstick.com,34,54,2.5989304812834226,5,0.23389830508474577,0.4888310939349002,0.0962566844919786,3.176470588235294,69,1
2006,5,nl
2006,5,no,2,1,1.0,1,0,0.0,1.0,1.0,0,1
2006,5,nsfw,2,1,1.0,1,0,0.0,1.0,1.0,0,1
2006,5,pl
2006,5,programming,470,6738,2.4152610806151613,6,0.5810037700696892,0.779822557062336,0.06113505421222157,28.672340425531914,198339,1
2006,5,reddit.com,1794,73484,2.2953950113192576,6,0.38566683870155316,0.7017186236936479,0.04568988404677922,81.92196209587514,6468324,1
2006,5,request,7,12,1.4285714285714286,2,0.7692307692307693,0.6285714285714287,0.5714285714285714,3.4285714285714284,30,1
2006,5,ru,2,1,1.0,1,0,0.0,1.0,1.0,0,1
2006,5,tr
2006,5,vi
2006,6,arxiv
2006,6,de
2006,6,es
2006,6,features,11,16,2.4,4,0.6976744186046512,0.41818181818181815,0.2909090909090909,2.909090909090909,30,1
2006,6,fr
2006,6,freeculture,2,1,1.0,1,0,0.0,1.0,1.0,0,1
2006,6,it
2006,6,ja,4,4,1.3333333333333333,2,0.6,0.5833333333333334,0.6666666666666666,2.0,3,1
2006,6,joel,22,32,3.2294372294372296,7,0.46153846153846156,0.43636363636363645,0.13852813852813853,2.909090909090909,42,1
2006,6,lipstick.com,14,28,1.8241758241758241,3,0.6046511627906976,0.8413110698824985,0.3076923076923077,4.0,78,1
2006,6,nsfw,4,6,1.0,1,1.0,1.0,1.0,3.0,12,1
2006,6,pl
2006,6,programming,427,4882,2.5157832239337665,6,0.5392301962244918,0.8025652769162723,0.05367725478554387,22.866510538641688,110031,1
2006,6,reddit.com,2024,72507,2.3186482916812388,5,0.31874551499654286,0.6982300113837012,0.035416328819367786,71.64723320158103,4822488,1
2006,6,request,2,1,1.0,1,0,0.0,1.0,1.0,0,1
2006,6,ru
2006,6,sv
2006,6,tr,3,3,1.0,1,1.0,1.0,1.0,2.0,3,1
2006,6,zh
2006,7,arxiv
2006,7,de,5,10,1.0,1,1.0,1.0,1.0,4.0,30,1
2006,7,eo
2006,7,es
2006,7,features,3,3,1.0,1,1.0,1.0,1.0,2.0,3,1
2006,7,fr
2006,7,freeculture,3,3,1.0,1,1.0,1.0,1.0,2.0,3,1
2006,7,hy
2006,7,it
2006,7,ja
2006,7,joel,4,4,1.3333333333333333,2,0.6,0.5833333333333333,0.6666666666666666,2.0,3,1
2006,7,lipstick.com,5,4,2.0,4,0,0.0,0.4,1.6,0,1
2006,7,nsfw,3,3,1.0,1,1.0,1.0,1.0,2.0,3,1
2006,7,nytimes
2006,7,pl
2006,7,programming,485,5799,2.5633892817585413,6,0.5463235830096531,0.7612866275385787,0.049407855499701794,23.91340206185567,157392,1
2006,7,reddit.com,2426,94150,2.429957590025582,8,0.31361291148273035,0.678027047483391,0.032007207145953204,77.61747732893652,7250850,1
2006,7,request
2006,7,ru
2006,7,sl,2,1,1.0,1,0,0.0,1.0,1.0,0,1
2006,7,slate
2006,7,tr
2006,8,arxiv
2006,8,de,2,1,1.0,1,0,0.0,1.0,1.0,0,1
2006,8,eo
2006,8,es
2006,8,features,10,10,2.7777777777777777,6,0.21428571428571427,0.2166666666666667,0.2222222222222222,2.0,3,1
2006,8,fr
2006,8,freeculture
2006,8,it
2006,8,ja
2006,8,joel,12,39,1.5757575757575757,4,0.9368029739776952,0.7129629629629629,0.5909090909090909,6.5,252,1
2006,8,lipstick.com,19,33,2.754385964912281,7,0.46153846153846156,0.5172932330827068,0.19298245614035087,3.473684210526316,60,1
2006,8,nl
2006,8,nsfw,5,5,1.6,3,0.42857142857142855,0.3333333333333333,0.5,2.0,3,1
2006,8,nytimes
2006,8,pl
2006,8,programming,653,9921,2.3609391294544295,6,0.3952983128638092,0.7646263668080069,0.04660415825026541,30.385911179173046,278022,1
2006,8,reddit.com,3015,146957,2.3654382368185614,7,0.2993941560485311,0.6631297538925033,0.03234370065179522,97.48391376451077,13561008,1
2006,8,request,3,3,1.0,1,1.0,1.0,1.0,2.0,3,1
2006,8,ru,4,4,1.3333333333333333,2,0.6,0.5833333333333333,0.6666666666666666,2.0,3,1
2006,8,sl,4,3,1.5,2,0,0.0,0.5,1.5,0,1
2006,8,slate
2006,8,sv
2006,8,tr,8,28,1.0,1,1.0,1.0,1.0,7.0,168,1
2006,8,zh
2006,9,arxiv
2006,9,de
2006,9,es
2006,9,features,2,1,1.0,1,0,0.0,1.0,1.0,0,1
2006,9,fr
2006,9,freeculture,3,3,1.0,1,1.0,1.0,1.0,2.0,3,1
2006,9,it
2006,9,ja,5,5,1.7,3,0.5,0.4666666666666667,0.5,2.0,3,1
2006,9,joel,9,12,1.8333333333333333,3,0.45454545454545453,0.5111111111111111,0.3333333333333333,2.6666666666666665,15,1
2006,9,lipstick.com,9,11,1.9722222222222223,4,0.36,0.5407407407407407,0.3055555555555556,2.4444444444444446,9,1
2006,9,nl
2006,9,nsfw,5,9,1.1,2,0.875,0.9,0.9,3.6,21,1
2006,9,nytimes
2006,9,pl
2006,9,programming,835,21163,2.1774982409282155,6,0.37696126937901564,0.7473712159909381,0.06077916110225592,50.689820359281434,955800,1
2006,9,reddit.com,2921,127015,2.3881111272645414,6,0.3003039428871306,0.662722137256567,0.0297831480117993,86.96679219445396,10741539,1
2006,9,request,2,1,1.0,1,0,0.0,1.0,1.0,0,1
2006,9,ru,2,1,1.0,1,0,0.0,1.0,1.0,0,1
2006,9,sl,8,11,1.7857142857142858,3,0.5555555555555556,0.6583333333333333,0.39285714285714285,2.75,15,1
2006,9,slate
2006,9,tr,4,6,1.0,1,1.0,1.0,1.0,3.0,12,1
2006,10,arxiv
2006,10,ca
2006,10,de
2006,10,eo
2006,10,es
2006,10,eu
2006,10,features,10,11,2.1555555555555554,4,0.25,0.37333333333333335,0.24444444444444444,2.2,6,1
2006,10,fr
2006,10,freeculture,3,3,1.0,1,1.0,1.0,1.0,2.0,3,1
2006,10,hu
2006,10,hy
2006,10,it
2006,10,ja,5,5,1.5,2,0.375,0.4333333333333334,0.5,2.0,3,1
2006,10,joel,9,11,2.361111111111111,5,0.47368421052631576,0.5925925925925926,0.3055555555555556,2.4444444444444446,9,1
2006,10,ko
2006,10,lipstick.com,9,8,2.2777777777777777,4,0,0.0,0.2222222222222222,1.7777777777777777,0,1
2006,10,nl
2006,10,no
2006,10,nsfw,3,3,1.0,1,1.0,1.0,1.0,2.0,3,1
2006,10,nytimes
2006,10,pl
2006,10,programming,842,14926,2.293483326319476,5,0.368850196603666,0.7779341158457552,0.04215657753889866,35.45368171021378,489102,1
2006,10,reddit.com,3336,182943,2.375940267276434,7,0.32860164298756056,0.6832625760587936,0.032886973779297404,109.67805755395683,20761941,1
2006,10,request,2,1,1.0,1,0,0.0,1.0,1.0,0,1
2006,10,ru
2006,10,science,204,1508,2.824591905727808,6,0.7341792078584471,0.848722485503257,0.07282913165266107,14.784313725490197,23319,1
2006,10,sl,6,15,1.0,1,1.0,1.0,1.0,5.0,60,1
2006,10,sv
2006,10,tr,31,465,1.0,1,1.0,1.0,1.0,30.0,13485,1
2006,10,vi
2006,10,zh
2006,11,arxiv
2006,11,askcaterina
2006,11,ca
2006,11,de,2,1,1.0,1,0,0.0,1.0,1.0,0,1
2006,11,features,21,160,1.2380952380952381,2,0.973133148952983,0.9666158861205302,0.7619047619047619,15.238095238095237,2463,1
2006,11,fr
2006,11,freeculture,2,1,1.0,1,0,0.0,1.0,1.0,0,1
2006,11,it
2006,11,ja,4,3,1.6666666666666667,3,0,0.0,0.5,1.5,0,1
2006,11,joel,12,19,2.3181818181818183,4,0.7058823529411765,0.7527777777777778,0.2878787878787879,3.1666666666666665,36,1
2006,11,lipstick.com,5,10,1.0,1,1.0,1.0,1.0,4.0,30,1
2006,11,nl
2006,11,no
2006,11,nsfw
2006,11,programming,1030,22993,2.2720012831762384,5,0.36663363289685874,0.7702598133279456,0.043388340079443706,44.646601941747576,951903,1
2006,11,reddit.com,3765,217358,2.352589218048105,8,0.310103192829936,0.6754193113725004,0.030675456163302865,115.46241699867198,25097115,1
2006,11,request,42,861,1.0,1,1.0,1.0,1.0,41.0,34440,1
2006,11,ru
2006,11,science,541,6161,2.7358526733757786,7,0.6403891837646708,0.8062632106968155,0.04217840761278839,22.77634011090573,163362,1
2006,11,sl
2006,11,slate
2006,11,tr,26,325,1.0,1,1.0,1.0,1.0,25.0,7800,1
2006,11,zh
2006,12,arxiv
2006,12,ca
2006,12,de,2,1,1.0,1,0,0.0,1.0,1.0,0,1
2006,12,eo
2006,12,es,2,1,1.0,1,0,0.0,1.0,1.0,0,1
2006,12,features,5,7,1.3,2,0.8,0.7,0.7,2.8,12,1
2006,12,fr
2006,12,freeculture
2006,12,it,2,1,1.0,1,0,0.0,1.0,1.0,0,1
2006,12,ja,13,31,1.7179487179487178,3,0.6241610738255033,0.7987179487179487,0.3974358974358974,4.769230769230769,93,1
2006,12,joel,6,7,1.6666666666666667,3,0.5,0.6111111111111112,0.4666666666666667,2.3333333333333335,6,1
2006,12,lipstick.com,13,22,2.0384615384615383,4,0.5454545454545454,0.6452991452991453,0.28205128205128205,3.3846153846153846,42,1
2006,12,nl
2006,12,nsfw
2006,12,pl,2,1,1.0,1,0,0.0,1.0,1.0,0,1
2006,12,programming,1218,33221,2.219710370193469,5,0.38558033639799105,0.7757429103262061,0.044823403534762725,54.55008210180624,1817190,1
2006,12,reddit.com,3750,213089,2.344739610562817,8,0.2910461608668284,0.6679933172290979,0.030314074864408288,113.64746666666667,22619442,1
2006,12,request,2,1,1.0,1,0,0.0,1.0,1.0,0,1
2006,12,ru
2006,12,science,585,7042,2.6404168130195527,6,0.5776028014416776,0.8157802212157583,0.041224680950708345,24.075213675213675,169233,1
2006,12,sl
2006,12,sv,2,1,1.0,1,0,0.0,1.0,1.0,0,1
2006,12,tr,10,45,1.0,1,1.0,1.0,1.0,9.0,360,1
2006,12,zh
2007,1,arxiv
2007,1,de,3,2,1.3333333333333333,2,0,0.0,0.6666666666666666,1.3333333333333333,0,1
2007,1,es
2007,1,features,6,8,1.5333333333333334,3,0.6666666666666666,0.5,0.5333333333333333,2.6666666666666665,12,1
2007,1,fr,2,1,1.0,1,0,0.0,1.0,1.0,0,1
2007,1,freeculture,5,10,1.0,1,1.0,1.0,1.0,4.0,30,1
2007,1,it
2007,1,ja,9,11,1.9166666666666667,3,0.3333333333333333,0.44814814814814813,0.3055555555555556,2.4444444444444446,9,1
2007,1,joel,3,3,1.0,1,1.0,1.0,1.0,2.0,3,1
2007,1,lipstick.com,2,1,1.0,1,0,0.0,1.0,1.0,0,1
2007,1,nl
2007,1,nsfw
2007,1,pl
2007,1,programming,1178,27467,2.280548371229551,5,0.38969793194210556,0.7652577243255383,0.03962045602399124,46.63327674023769,1311180,1
2007,1,reddit.com,4525,315386,2.309602415112036,7,0.3072922352233216,0.6820640473801288,0.030812804392533866,139.3971270718232,45402948,1
2007,1,request,2,1,1.0,1,0,0.0,1.0,1.0,0,1
2007,1,rlc
2007,1,ru
2007,1,science,559,7537,2.6422631298850354,6,0.640826306640022,0.8277054385260196,0.048326184110130094,26.966010733452595,236661,1
2007,1,sl,3,3,1.0,1,1.0,1.0,1.0,2.0,3,1
2007,1,sv,2,1,1.0,1,0,0.0,1.0,1.0,0,1
2007,1,tr,6,15,1.0,1,1.0,1.0,1.0,5.0,60,1
2007,1,zh
2007,2,arxiv
2007,2,de,2,1,1.0,1,0,0.0,1.0,1.0,0,1
2007,2,es
2007,2,features,4,4,1.3333333333333333,2,0.6,0.5833333333333334,0.6666666666666666,2.0,3,1
2007,2,fr,8,9,1.7857142857142858,3,0.14285714285714285,0.175,0.32142857142857145,2.25,3,1
2007,2,freeculture,3,3,1.0,1,1.0,1.0,1.0,2.0,3,1
2007,2,it
2007,2,ja,2,1,1.0,1,0,0.0,1.0,1.0,0,1
2007,2,joel,6,7,1.6666666666666667,3,0.5,0.6111111111111112,0.4666666666666667,2.3333333333333335,6,1
2007,2,lipstick.com,8,10,2.4285714285714284,5,0.6666666666666666,0.4375,0.35714285714285715,2.5,12,1
2007,2,nl
2007,2,no
2007,2,nsfw
2007,2,pl
2007,2,programming,1424,38301,2.3049736669640812,5,0.36739664441796815,0.7499909339552784,0.03780290887269339,53.793539325842694,1937766,1
2007,2,reddit.com,4901,371002,2.316790159442679,8,0.3041831703982842,0.6730483719978696,0.030897651041644977,151.3984901040604,56372364,1
2007,2,request,2,1,1.0,1,0,0.0,1.0,1.0,0,1
2007,2,ru,3,3,1.0,1,1.0,1.0,1.0,2.0,3,1
2007,2,science,723,7485,2.803711068455152,7,0.5832320405307403,0.7958544983063068,0.028677831289295526,20.70539419087137,171297,1
2007,2,sl
2007,2,tr
2007,3,arxiv
2007,3,de
2007,3,eo
2007,3,es
2007,3,features,7,21,1.0,1,1.0,1.0,1.0,6.0,105,1
2007,3,fr,5,6,1.4,2,0.6,0.8666666666666668,0.6,2.4,6,1
2007,3,freeculture,8,28,1.0,1,1.0,1.0,1.0,7.0,168,1
2007,3,it
2007,3,ja,14,32,1.6923076923076923,3,0.45161290322580644,0.7598484848484849,0.3516483516483517,4.571428571428571,84,1
2007,3,joel,16,41,2.3,4,0.8773584905660378,0.740625,0.3416666666666667,5.125,186,1
2007,3,lipstick.com,4,3,1.6666666666666667,3,0,0.0,0.5,1.5,0,1
2007,3,no
2007,3,nsfw
2007,3,obama
2007,3,pl
2007,3,programming,1611,57769,2.222342513233939,6,0.36451633382878984,0.7527151245106897,0.04454545805043741,71.71818746120422,3760746,1
2007,3,reddit.com,5528,403346,2.357522746511861,8,0.2907642597102156,0.6692685049377637,0.026402816118845075,145.92836468885673,60355848,1
2007,3,request,2,1,1.0,1,0,0.0,1.0,1.0,0,1
2007,3,ru
2007,3,science,878,17644,2.4205421775934215,7,0.5815384143348061,0.7994519127126635,0.045828214325602655,40.19134396355353,796047,1
2007,3,sl
2007,3,tr,2,1,1.0,1,0,0.0,1.0,1.0,0,1
2007,3,zh
2007,4,ads,77,1151,1.712576896787423,4,0.89238060182203,0.945101284309704,0.3933697881066302,29.896103896103895,38790,1
2007,4,arxiv
2007,4,de,2,1,1.0,1,0,0.0,1.0,1.0,0,1
2007,4,eo
2007,4,features,3,2,1.3333333333333333,2,0,0.0,0.6666666666666666,1.3333333333333333,0,1
2007,4,fr,7,10,1.5238095238095237,2,0.5357142857142857,0.5619047619047619,0.47619047619047616,2.857142857142857,15,1
2007,4,freeculture,3,3,1.0,1,1.0,1.0,1.0,2.0,3,1
2007,4,it
2007,4,ja,13,27,1.9743589743589745,4,0.5853658536585366,0.443040293040293,0.34615384615384615,4.153846153846154,72,1
2007,4,joel,2,1,1.0,1,0,0.0,1.0,1.0,0,1
2007,4,ko
2007,4,lipstick.com,2,1,1.0,1,0,0.0,1.0,1.0,0,1
2007,4,nl
2007,4,no
2007,4,nsfw
2007,4,obama,5,10,1.0,1,1.0,1.0,1.0,4.0,30,1
2007,4,pl
2007,4,programming,1675,54620,2.26084701938337,5,0.42745728428810675,0.7699452416877413,0.038959325237611225,65.2179104477612,3879174,1
2007,4,reddit.com,5858,526398,2.2873031794003817,6,0.3071000732148522,0.686293704434935,0.03068454125707885,179.71935814271083,99491145,1
2007,4,request,2,1,1.0,1,0,0.0,1.0,1.0,0,1
2007,4,ru,2,1,1.0,1,0,0.0,1.0,1.0,0,1
2007,4,science,843,15607,2.434265137234681,7,0.5459173822468371,0.8214359433406978,0.04397539609414403,37.027283511269275,590931,1
2007,4,sl
2007,4,sv
2007,4,tr,4,6,1.0,1,1.0,1.0,1.0,3.0,12,1
2007,4,zh
2007,5,ads,28,172,1.6349206349206349,3,0.9048009848173985,0.9226853420794157,0.455026455026455,12.285714285714286,2205,1
2007,5,arxiv
2007,5,de,3,2,1.3333333333333333,2,0,0.0,0.6666666666666666,1.3333333333333333,0,1
2007,5,es
2007,5,features,5,5,1.5,2,0.375,0.4333333333333334,0.5,2.0,3,1
2007,5,fr,9,9,1.9166666666666667,3,0.125,0.2275132275132275,0.25,2.0,3,1
2007,5,freeculture,4,6,1.0,1,1.0,1.0,1.0,3.0,12,1
2007,5,it
2007,5,ja,11,20,1.8363636363636364,4,0.48,0.41103896103896104,0.36363636363636365,3.6363636363636362,36,1
2007,5,joel,4,6,1.0,1,1.0,1.0,1.0,3.0,12,1
2007,5,lipstick.com
2007,5,netsec,11,55,1.0,1,1.0,1.0,1.0,10.0,495,1
2007,5,nl
2007,5,no
2007,5,nsfw
2007,5,obama
2007,5,pl
2007,5,programming,1807,59611,2.221273734909338,5,0.357007393853284,0.7745878078548185,0.03653259350097229,65.97786386275595,3683613,1
2007,5,reddit.com,7280,717754,2.305571839206267,7,0.28909537689778025,0.6935463339656711,0.027089595388812313,197.18516483516484,150940569,1
2007,5,request,4,6,1.0,1,1.0,1.0,1.0,3.0,12,1
2007,5,ru,3,3,1.0,1,1.0,1.0,1.0,2.0,3,1
2007,5,science,1149,20930,2.510933609895592,8,0.5250631589681887,0.8063448407815937,0.03173491264938759,36.431679721496955,818658,1
2007,5,sl
2007,5,tr,4,6,1.0,1,1.0,1.0,1.0,3.0,12,1
2007,5,zh
2007,6,ads,4,6,1.0,1,1.0,1.0,1.0,3.0,12,1
2007,6,arxiv
2007,6,de,4,4,1.3333333333333333,2,0.6,0.5833333333333333,0.6666666666666666,2.0,3,1
2007,6,es
2007,6,features,22,54,2.5844155844155843,4,0.7692307692307693,0.669146005509642,0.23376623376623376,4.909090909090909,270,1
2007,6,fr,5,7,1.3,2,0.8,0.7,0.7,2.8,12,1
2007,6,freeculture,5,9,1.1,2,0.875,0.9,0.9,3.6,21,1
2007,6,it
2007,6,ja,8,12,1.7857142857142858,3,0.5454545454545454,0.5208333333333334,0.42857142857142855,3.0,18,1
2007,6,joel,7,9,1.5714285714285714,2,0.5,0.4571428571428572,0.42857142857142855,2.5714285714285716,12,1
2007,6,netsec,13,58,1.2564102564102564,2,0.9613899613899614,0.9766899766899767,0.7435897435897436,8.923076923076923,498,1
2007,6,nl
2007,6,no
2007,6,nsfw
2007,6,programming,1813,58500,2.210940972057339,5,0.3199806820393423,0.7730336381072839,0.035614747062239965,64.53392167677882,3329343,1
2007,6,reddit.com,7358,815220,2.265206278056231,7,0.29901848504480394,0.6816682938460454,0.03011925892036707,221.58738787714051,185134893,1
2007,6,request,2,1,1.0,1,0,0.0,1.0,1.0,0,1
2007,6,ru
2007,6,science,1071,27054,2.4996919640130195,7,0.6997051850565981,0.8239463938073018,0.04721589570407602,50.52100840336134,2152410,1
2007,6,sl,2,1,1.0,1,0,0.0,1.0,1.0,0,1
2007,6,tr,3,3,1.0,1,1.0,1.0,1.0,2.0,3,1
2007,6,zh
2007,7,ads,7,12,1.4285714285714286,2,0.7272727272727273,0.9142857142857144,0.5714285714285714,3.4285714285714284,24,1
2007,7,arxiv
2007,7,de,3,2,1.3333333333333333,2,0,0.0,0.6666666666666666,1.3333333333333333,0,1
2007,7,eo
2007,7,es
2007,7,features,20,36,2.2526315789473683,4,0.43636363636363634,0.5807142857142857,0.18947368421052632,3.6,72,1
2007,7,fr,3,2,1.3333333333333333,2,0,0.0,0.6666666666666666,1.3333333333333333,0,1
2007,7,freeculture,3,2,1.3333333333333333,2,0,0.0,0.6666666666666666,1.3333333333333333,0,1
2007,7,it
2007,7,ja,8,10,1.8571428571428572,3,0.4090909090909091,0.49583333333333335,0.35714285714285715,2.5,9,1
2007,7,joel,8,14,1.5,2,0.5454545454545454,0.7875,0.5,3.5,24,1
2007,7,moveon
2007,7,netsec,7,16,1.2380952380952381,2,0.9230769230769231,0.8095238095238094,0.7619047619047619,4.571428571428571,60,1
2007,7,nl
2007,7,no
2007,7,nsfw
2007,7,pl
2007,7,programming,2050,75569,2.229379709316859,5,0.3431333230844717,0.7663639353472688,0.035981382947065196,73.72585365853658,5019789,1
2007,7,reddit.com,8023,928218,2.283594569626286,7,0.29450208564972286,0.6893899386503402,0.02884433506473675,231.3892558893182,226820223,1
2007,7,request,3,2,1.3333333333333333,2,0,0.0,0.6666666666666666,1.3333333333333333,0,1
2007,7,ru
2007,7,science,1153,22629,2.6045551459959526,7,0.5608198261501173,0.7986405404250209,0.034073250939577915,39.25238508239376,994476,1
2007,7,sl
2007,7,tr,7,21,1.0,1,1.0,1.0,1.0,6.0,105,1
2007,7,zh
2007,8,ads,7,16,1.2380952380952381,2,0.9230769230769231,0.8095238095238095,0.7619047619047619,4.571428571428571,60,1
2007,8,arxiv
2007,8,bugs,33,98,2.304924242424242,5,0.6099585062240664,0.7210705960705961,0.1856060606060606,5.9393939393939394,441,1
2007,8,de,2,1,1.0,1,0,0.0,1.0,1.0,0,1
2007,8,es
2007,8,eu
2007,8,features,4,4,1.3333333333333333,2,0.6,0.5833333333333333,0.6666666666666666,2.0,3,1
2007,8,fr,2,1,1.0,1,0,0.0,1.0,1.0,0,1
2007,8,freeculture,3,3,1.0,1,1.0,1.0,1.0,2.0,3,1
2007,8,hy,2,1,1.0,1,0,0.0,1.0,1.0,0,1
2007,8,it
2007,8,ja,7,6,2.0,3,0,0.0,0.2857142857142857,1.7142857142857142,0,1
2007,8,joel,9,10,1.7222222222222223,2,0.1875,0.45238095238095233,0.2777777777777778,2.2222222222222223,6,1
2007,8,moveon
2007,8,netsec,29,406,1.0,1,1.0,1.0,1.0,28.0,10962,1
2007,8,nl,2,1,1.0,1,0,0.0,1.0,1.0,0,1
2007,8,no
2007,8,nsfw
2007,8,nytimes
2007,8,pl
2007,8,politics,2281,92562,2.2388629948391365,6,0.3293091063625638,0.7470187538035236,0.035596114354276745,81.15914072775098,6251883,1
2007,8,programming,2230,76502,2.265391989409878,5,0.3021399961348206,0.7556504122064688,0.030781363478162904,68.61165919282512,4375941,1
2007,8,reddit.com,8359,1033931,2.2937146267171196,8,0.30686232631285265,0.686132900560794,0.02959817001252796,247.3815049647087,275347230,1
2007,8,request,5,5,1.5,2,0.375,0.4333333333333334,0.5,2.0,3,1
2007,8,ru,2,1,1.0,1,0,0.0,1.0,1.0,0,1
2007,8,science,1482,36442,2.459553808429035,7,0.4798475835186154,0.7896447681577616,0.03320694610363753,49.17948717948718,1862514,1
2007,8,sl,2,1,1.0,1,0,0.0,1.0,1.0,0,1
2007,8,tr,4,6,1.0,1,1.0,1.0,1.0,3.0,12,1
2007,8,vi
2007,8,zh
2007,9,ads,18,87,1.4313725490196079,2,0.9205776173285198,0.9730392156862746,0.5686274509803921,9.666666666666666,765,1
2007,9,bugs,2,1,1.0,1,0,0.0,1.0,1.0,0,1
2007,9,business,9,14,1.6111111111111112,2,0.5769230769230769,0.46825396825396826,0.3888888888888889,3.111111111111111,30,1
2007,9,de,3,2,1.3333333333333333,2,0,0.0,0.6666666666666666,1.3333333333333333,0,1
2007,9,entertainment,7,21,1.0,1,1.0,1.0,1.0,6.0,105,1
2007,9,eo,2,1,1.0,1,0,0.0,1.0,1.0,0,1
2007,9,es
2007,9,features,16,47,1.7583333333333333,4,0.6449511400651465,0.6040133477633477,0.39166666666666666,5.875,198,1
2007,9,fr,2,1,1.0,1,0,0.0,1.0,1.0,0,1
2007,9,freeculture,2,1,1.0,1,0,0.0,1.0,1.0,0,1
2007,9,gadgets,22,54,2.2294372294372296,3,0.7421602787456446,0.8911616161616162,0.23376623376623376,4.909090909090909,213,1
2007,9,gaming,125,1331,2.2470967741935484,5,0.8305062942203436,0.7861706610639755,0.17174193548387096,21.296,45192,1
2007,9,hu
2007,9,it
2007,9,ja,6,7,1.5333333333333334,2,0.42857142857142855,0.7000000000000001,0.4666666666666667,2.3333333333333335,6,1
2007,9,joel,5,10,1.0,1,1.0,1.0,1.0,4.0,30,1
2007,9,netsec,14,28,2.120879120879121,4,0.7222222222222222,0.8869047619047619,0.3076923076923077,4.0,78,1
2007,9,nl
2007,9,nsfw,2,1,1.0,1,0,0.0,1.0,1.0,0,1
2007,9,nytimes
2007,9,pl
2007,9,politics,3344,209988,2.181320462524707,6,0.317720989886155,0.7346140675095579,0.0375683245859734,125.5909090909091,21609348,1
2007,9,programming,2503,104582,2.2197845399269878,5,0.34314481237007977,0.7706240947029884,0.033399409118330586,83.56532161406312,8093616,1
2007,9,reddit.com,9207,1322099,2.258063643072018,10,0.3112635646694802,0.6903537908026018,0.031196427186419688,287.19430867817965,397486488,1
2007,9,request,3,2,1.3333333333333333,2,0,0.0,0.6666666666666666,1.3333333333333333,0,1
2007,9,ru,2,1,1.0,1,0,0.0,1.0,1.0,0,1
2007,9,science,1421,25385,2.676204022162532,7,0.5281553930780943,0.7918595115094663,0.02516081711946556,35.7283603096411,962550,1
2007,9,sl
2007,9,sports,26,50,2.1815384615384614,4,0.3868194842406877,0.5622743772065039,0.15384615384615385,3.8461538461538463,135,1
2007,9,sv
2007,9,tr,4,6,1.0,1,1.0,1.0,1.0,3.0,12,1
2007,9,vi
2007,9,zh
2007,10,ads,13,34,1.564102564102564,2,0.7582417582417582,0.9487179487179488,0.4358974358974359,5.230769230769231,138,1
2007,10,arxiv
2007,10,bugs,7,7,2.0476190476190474,4,0.2727272727272727,0.21428571428571427,0.3333333333333333,2.0,3,1
2007,10,business,14,91,1.0,1,1.0,1.0,1.0,13.0,1092,1
2007,10,de,6,9,1.4666666666666666,3,0.6818181818181818,0.6388888888888888,0.6,3.0,15,1
2007,10,entertainment,8,12,1.7142857142857142,3,0.6,0.8500000000000001,0.42857142857142855,3.0,18,1
2007,10,eo
2007,10,es
2007,10,eu
2007,10,features,4,4,1.3333333333333333,2,0.6,0.5833333333333333,0.6666666666666666,2.0,3,1
2007,10,fr
2007,10,freeculture
2007,10,gadgets,18,30,2.784313725490196,6,0.5869565217391305,0.7746031746031747,0.19607843137254902,3.3333333333333335,54,1
2007,10,gaming,183,1004,2.7379451149942953,6,0.5998080614203455,0.7560977478475144,0.06028943733861767,10.972677595628415,13125,1
2007,10,hu
2007,10,it
2007,10,ja,2,1,1.0,1,0,0.0,1.0,1.0,0,1
2007,10,joel,2,1,1.0,1,0,0.0,1.0,1.0,0,1
2007,10,lipstick.com
2007,10,netsec,4,4,1.3333333333333333,2,0.6,0.5833333333333333,0.6666666666666666,2.0,3,1
2007,10,nl,2,1,1.0,1,0,0.0,1.0,1.0,0,1
2007,10,no
2007,10,nsfw,55,295,2.806060606060606,6,0.9077749241186085,0.8418701601428874,0.19865319865319866,10.727272727272727,3888,1
2007,10,pl
2007,10,politics,4114,296801,2.159167353096606,5,0.2987018496531534,0.7259921382958807,0.03508103182800991,144.28828390860477,37134165,1
2007,10,programming,3128,156933,2.1983158400107308,5,0.3089399399169196,0.7560275809152907,0.03208851705752308,100.34079283887468,12654576,1
2007,10,reddit.com,9153,1240388,2.2961029533669652,10,0.29987761046205896,0.691247017203216,0.029614750484956976,271.0341964383262,338487120,1
2007,10,request,3,3,1.0,1,1.0,1.0,1.0,2.0,3,1
2007,10,ru
2007,10,science,2301,109090,2.264672826559341,6,0.49411973317703767,0.7922399622486344,0.04122593201443607,94.81964363320296,11360961,1
2007,10,sl
2007,10,sports,14,27,2.197802197802198,4,0.6333333333333333,0.8462585034013607,0.2967032967032967,3.857142857142857,57,1
2007,10,sv
2007,10,tr
2007,10,vi
2007,10,zh
