month,unique_subreddits,unique_comments,nr_deleted_author,unique_commenters,av_comments_on_post,max_comments_on_post,av_comments_by_author,max_comments_by_author,av_comment_score
2005.12,1,1075,185,394,2.7146464646464645,85,2.2646310432569976,21,1.5627906976744186
2006.1,2,3666,893,791,3.125319693094629,145,3.510126582278481,42,1.3513366066557555
2006.2,18,9095,2386,1464,3.9084658358401376,153,4.5857826384142175,149,2.1228147333699834
2006.3,15,13859,4000,1958,4.039347129116876,253,5.037812979049566,125,2.350674651850783
2006.4,21,19090,5062,2334,4.790464240903388,336,6.012858979854265,278,2.541382922996333
2006.5,21,26859,7019,2698,5.485906862745098,329,7.35632183908046,180,2.9304516177072863
2006.6,19,29163,8275,3043,4.96729688298416,261,6.866535174227482,251,2.5234372321091794
2006.7,22,37031,10217,3532,4.857798766889676,276,7.593882752761258,218,2.518025438146418
2006.8,24,50559,13912,4750,4.744650900900901,310,7.716782480522215,659,2.629976858719516
2006.9,21,50675,14357,4908,4.169752324528923,296,7.401263501120848,453,2.547745436605821
2006.10,31,54148,15214,5654,4.284538692831144,372,6.887316469131434,311,2.9810149959370613
2006.11,23,62021,18100,6490,4.369830197984922,350,6.768531360764371,374,2.8285741926121797
2006.12,24,61018,15982,6707,4.699114362726222,271,6.715776916194453,469,3.0187321773902784
2007.1,23,81341,22387,7931,4.900945954088089,397,7.4343001261034045,680,3.0537736196997822
2007.2,21,95634,27123,9020,5.169684847829612,398,7.59629670695199,776,3.5776920342137735
2007.3,23,112444,32806,10842,4.760541913632514,374,7.346001291393783,1160,3.2228576002276688
2007.4,26,126773,38981,10701,5.155260054491481,862,8.204859813084113,970,3.3119749473468327
2007.5,25,170097,54365,11365,5.956820171598669,471,10.184090109116509,1794,3.3373957212649255
2007.6,22,178800,60307,11267,6.385030175338357,624,10.517752529735487,906,3.369496644295302
2007.7,25,203319,66054,12482,6.3684457808682575,625,10.997916833587052,986,3.391434150276167
2007.8,30,225111,73904,14124,5.686631637447582,655,10.706436309565957,1484,3.343488323538166
2007.9,33,259497,86322,15416,6.252337124132613,1981,11.234187479727538,1151,3.323460386825281
2007.10,36,274170,90167,15303,6.251738684300536,1098,12.02476800418246,1351,3.2859977386293178
2007.11,43,372983,157326,15134,5.75928785398845,1754,14.250776448820458,1499,3.157009836909457
2007.12,31,363390,107951,15915,7.495204504671741,1734,16.051212768631395,1530,3.5530724565893395
2008.1,126,452990,137567,18858,7.301815016602728,1735,16.72710399321207,2614,3.6173933199408377
2008.2,173,441768,136316,18266,7.232731380670934,918,16.723350670681633,1459,3.510494196048605
2008.3,292,463728,145675,18947,6.593226604487161,1059,16.7873429747704,1531,3.1770585343132183
2008.4,323,468317,152477,18590,6.746042263868282,1433,16.99069342084028,1208,3.0966610223417046
2008.5,375,536380,171902,20861,7.293816886278029,1882,17.472579098753595,1597,3.2842891233826763
2008.6,575,577684,190052,22557,7.30164187216401,1346,17.18531654548679,1651,3.402884622042501
2008.7,657,592610,201677,23123,6.8452057800931,1457,16.907404203788598,1716,3.511602909164543
2008.8,707,595959,198037,23729,7.00600724160632,1814,16.77014497639919,1357,3.556685946516455
2008.9,801,680892,221443,26374,6.74818632309217,1558,17.421188336556327,1819,3.443622483448183
2008.10,893,789874,254038,28970,6.890879905082617,1425,18.496875970865407,1442,3.5387314938838346
2008.11,1024,792310,265817,30272,7.226929847764815,1998,17.39265303425721,1281,3.5614342870846007
2008.12,1103,850359,294180,34073,7.6679381052859386,3062,16.32363817797605,1513,3.6510438532431597
