compared_to_all,subreddit,year,month,perc_of_new,perc_of_old
True,reddit.com,2006,1,0.2576271186440678,0.5296167247386759
True,reddit.com,2006,2,0.34820562560620755,0.4780292942743009
True,reddit.com,2006,3,0.49551020408163265,0.42211404728789986
True,reddit.com,2006,4,0.5363984674329502,0.3916083916083916
True,reddit.com,2006,5,0.5813823857302118,0.35403937542430414
True,reddit.com,2006,6,0.6314229249011858,0.33499344692005245
True,reddit.com,2006,7,0.5902720527617478,0.30795698924731185
True,reddit.com,2006,8,0.5824212271973466,0.3066177754496246
True,reddit.com,2006,9,0.6511468675111264,0.26438698915763137
True,reddit.com,2006,10,0.6393884892086331,0.2542918454935622
True,reddit.com,2006,11,0.6411686586985392,0.2471081994062852
True,reddit.com,2006,12,0.6781333333333334,0.22428999823602047
True,reddit.com,2007,1,0.6461878453038674,0.22850890903407314
True,reddit.com,2007,2,0.6547643338094267,0.21902941778718177
True,reddit.com,2007,3,0.6450795947901592,0.21407131708488414
True,programming,2006,1,0.0,0.0
True,programming,2006,2,1.0,0.002663115845539281
True,programming,2006,3,0.6344827586206897,0.12795549374130738
True,programming,2006,4,0.7210682492581603,0.11328671328671329
True,programming,2006,5,0.7127659574468085,0.11371350984385607
True,programming,2006,6,0.7939110070257611,0.08885976408912188
True,programming,2006,7,0.797938144329897,0.0832258064516129
True,programming,2006,8,0.8039816232771823,0.09167103195390257
True,programming,2006,9,0.8131736526946107,0.09438420906310814
True,programming,2006,10,0.8254156769596199,0.08285646161182642
True,programming,2006,11,0.8067961165048544,0.08506500153546934
True,programming,2006,12,0.8284072249589491,0.08899276768389487
True,programming,2007,1,0.8370118845500849,0.07705532979055955
True,programming,2007,2,0.8314606741573034,0.08081359634154665
True,programming,2007,3,0.8162631905648665,0.07894104934565974
True,science,2006,1,0.0,0.0
True,science,2006,2,0.0,0.0
True,science,2006,3,0.0,0.0
True,science,2006,4,0.0,0.0
True,science,2006,5,0.0,0.0
True,science,2006,6,0.0,0.0
True,science,2006,7,0.0,0.0
True,science,2006,8,0.0,0.0
True,science,2006,9,0.0,0.0
True,science,2006,10,0.7794117647058824,0.018955650929899856
True,science,2006,11,0.8706099815157117,0.04821373733237793
True,science,2006,12,0.8666666666666667,0.044716881284177105
True,science,2007,1,0.851520572450805,0.037199124726477024
True,science,2007,2,0.8354080221300139,0.041225854890451163
True,science,2007,3,0.7995444191343963,0.04214191379517349
False,reddit.com,2006,1,0.2576271186440678,0.5296167247386759
False,reddit.com,2006,2,0.34820562560620755,0.4780292942743009
False,reddit.com,2006,3,0.49551020408163265,0.42211404728789986
False,reddit.com,2006,4,0.5242656449553001,0.3941430628900624
False,reddit.com,2006,5,0.5763656633221851,0.36331693605059734
False,reddit.com,2006,6,0.6205533596837944,0.3458149779735683
False,reddit.com,2006,7,0.5807914262159934,0.3177001127395716
False,reddit.com,2006,8,0.575787728026534,0.3167883211678832
False,reddit.com,2006,9,0.6456692913385826,0.27396862289366647
False,reddit.com,2006,10,0.6306954436450839,0.2635600651384191
False,reddit.com,2006,11,0.6332005312084993,0.25717367853290185
False,reddit.com,2006,12,0.6701333333333334,0.23457481564454402
False,reddit.com,2007,1,0.6355801104972376,0.239247982696947
False,reddit.com,2007,2,0.6455825341766986,0.2297748729121278
False,reddit.com,2007,3,0.6367583212735166,0.22555427399718056
False,programming,2006,1,0.0,0.0
False,programming,2006,2,0.0,0.0
False,programming,2006,3,0.0034482758620689655,0.5
False,programming,2006,4,0.35311572700296734,0.40893470790378006
False,programming,2006,5,0.4,0.36084452975047987
False,programming,2006,6,0.5339578454332553,0.28287841191067
False,programming,2006,7,0.5463917525773195,0.2626362735381566
False,programming,2006,8,0.5819295558958653,0.30719482619240096
False,programming,2006,9,0.6119760479041916,0.3342053629823414
False,programming,2006,10,0.6365795724465558,0.2886375875067313
False,programming,2006,11,0.6106796116504855,0.28986175115207374
False,programming,2006,12,0.6633825944170771,0.31281455671699576
False,programming,2007,1,0.6926994906621392,0.27218145430286855
False,programming,2007,2,0.6776685393258427,0.28643514395963193
False,programming,2007,3,0.6840471756672873,0.28705392029174265
False,science,2006,1,0.0,0.0
False,science,2006,2,0.0,0.0
False,science,2006,3,0.0,0.0
False,science,2006,4,0.0,0.0
False,science,2006,5,0.0,0.0
False,science,2006,6,0.0,0.0
False,science,2006,7,0.0,0.0
False,science,2006,8,0.0,0.0
False,science,2006,9,0.0,0.0
False,science,2006,10,0.0,0.0
False,science,2006,11,0.14972273567467653,0.39705882352941174
False,science,2006,12,0.40683760683760684,0.35575485799701045
False,science,2007,1,0.47227191413237923,0.2565597667638484
False,science,2007,2,0.4854771784232365,0.26096654275092934
False,science,2007,3,0.49658314350797267,0.25216888374783114
